epoch,best_score_thr,best_area_thr,best_metric
0,0.5,500,0.92560019847509
1,0.3,500,0.954366223232166
2,0.2,500,0.957525928278227
3,0.5,500,0.958855536338445
4,0.4,500,0.962590944122624
5,0.4,500,0.964963121188653
6,0.5,500,0.965593429030599
7,0.2,500,0.964791522638218
8,0.5,500,0.963877039986688
9,0.4,500,0.964135767640294
10,0.5,500,0.965575624156643
11,0.5,500,0.965570958079518
12,0.5,500,0.964769734724148
13,0.5,500,0.965525783397056
