epoch,best_score_thr,best_area_thr,best_metric
0,0.5,500,0.960128870364782
1,0.5,500,0.963679105848879
2,0.3,500,0.965979982066799
3,0.5,500,0.964203628333839
4,0.4,500,0.964904642588384
5,0.4,500,0.96570297189661
6,0.5,500,0.966959464388925
7,0.3,500,0.965415952978907
8,0.5,500,0.964358380517444
9,0.4,500,0.966060482166909
10,0.5,500,0.965080401381931
11,0.5,500,0.965977070299355
12,0.4,500,0.965798504449226
13,0.5,500,0.965956296469714
