epoch,best_score_thr,best_area_thr,best_metric
0,0.5,500,0.930430755421922
1,0.4,500,0.958752772292575
2,0.4,500,0.962098968190116
3,0.2,500,0.963687670391959
4,0.5,500,0.961881006891663
5,0.4,500,0.964516926456142
6,0.5,500,0.965695779065828
7,0.3,500,0.963321114714081
8,0.5,500,0.96185518277658
9,0.5,500,0.96451113111264
10,0.5,500,0.962506043749887
11,0.5,500,0.965273505127108
12,0.5,500,0.958836702076164
13,0.5,500,0.964338505590284
